Transaction ID,Posting Date,Effective Date,Transaction Type,Amount,Check Number,Reference Number,Description,Transaction Category,Type,Balance,Memo,Extended Description
100000,2026-01-01,2026-01-01,Debit,-11.13,,REF100000,Walmart,Groceries,Expense,4988.87,,Walmart transaction
100001,2026-01-02,2026-01-02,Debit,-65.0,,REF100001,Spotify,Entertainment,Expense,4923.87,,Spotify transaction
100002,2026-01-03,2026-01-03,Debit,-185.44,,REF100002,Smith's,Groceries,Expense,4738.43,,Smith's transaction
100003,2026-01-04,2026-01-04,Credit,1313.02,,REF100003,Payroll,Income,Income,6051.45,,Payroll transaction
100004,2026-01-05,2026-01-05,Debit,-12.79,,REF100004,Amazon,Shopping,Expense,6038.66,,Amazon transaction
100005,2026-01-06,2026-01-06,Debit,-58.57,,REF100005,Walmart,Groceries,Expense,5980.09,,Walmart transaction
100006,2026-01-07,2026-01-07,Credit,1982.62,,REF100006,Payroll,Income,Income,7962.71,,Payroll transaction
100007,2026-01-08,2026-01-08,Credit,1458.49,,REF100007,Payroll,Income,Income,9421.2,,Payroll transaction
100008,2026-01-09,2026-01-09,Credit,1745.38,,REF100008,Payroll,Income,Income,11166.58,,Payroll transaction
100009,2026-01-10,2026-01-10,Debit,-149.37,,REF100009,Target,Shopping,Expense,11017.21,,Target transaction
100010,2026-01-11,2026-01-11,Debit,-190.91,,REF100010,Starbucks,Coffee,Expense,10826.3,,Starbucks transaction
100011,2026-01-12,2026-01-12,Debit,-176.04,,REF100011,Smith's,Groceries,Expense,10650.26,,Smith's transaction
100012,2026-01-13,2026-01-13,Debit,-73.08,,REF100012,Netflix,Entertainment,Expense,10577.18,,Netflix transaction
100013,2026-01-14,2026-01-14,Debit,-239.52,,REF100013,Chevron,Gas,Expense,10337.66,,Chevron transaction
100014,2026-01-15,2026-01-15,Debit,-30.04,,REF100014,Netflix,Entertainment,Expense,10307.62,,Netflix transaction
100015,2026-01-16,2026-01-16,Debit,-28.7,,REF100015,Amazon,Shopping,Expense,10278.92,,Amazon transaction
100016,2026-01-17,2026-01-17,Debit,-152.91,,REF100016,Netflix,Entertainment,Expense,10126.01,,Netflix transaction
100017,2026-01-18,2026-01-18,Debit,-183.78,,REF100017,Starbucks,Coffee,Expense,9942.23,,Starbucks transaction
100018,2026-01-19,2026-01-19,Credit,1362.27,,REF100018,Payroll,Income,Income,11304.5,,Payroll transaction
100019,2026-01-20,2026-01-20,Debit,-24.31,,REF100019,Amazon,Shopping,Expense,11280.19,,Amazon transaction
100020,2026-01-21,2026-01-21,Debit,-208.2,,REF100020,Spotify,Entertainment,Expense,11071.99,,Spotify transaction
100021,2026-01-22,2026-01-22,Debit,-221.94,,REF100021,Rent Payment,Housing,Expense,10850.05,,Rent Payment transaction
100022,2026-01-23,2026-01-23,Debit,-146.45,,REF100022,Netflix,Entertainment,Expense,10703.6,,Netflix transaction
100023,2026-01-24,2026-01-24,Debit,-16.23,,REF100023,Walmart,Groceries,Expense,10687.37,,Walmart transaction
100024,2026-01-25,2026-01-25,Debit,-194.4,,REF100024,Chevron,Gas,Expense,10492.97,,Chevron transaction
100025,2026-01-26,2026-01-26,Debit,-214.55,,REF100025,Walmart,Groceries,Expense,10278.42,,Walmart transaction
100026,2026-01-27,2026-01-27,Debit,-98.13,,REF100026,Walmart,Groceries,Expense,10180.29,,Walmart transaction
100027,2026-01-28,2026-01-28,Debit,-160.74,,REF100027,Target,Shopping,Expense,10019.55,,Target transaction
100028,2026-01-29,2026-01-29,Debit,-44.85,,REF100028,Netflix,Entertainment,Expense,9974.7,,Netflix transaction
100029,2026-01-30,2026-01-30,Debit,-56.33,,REF100029,Netflix,Entertainment,Expense,9918.37,,Netflix transaction
100030,2026-01-31,2026-01-31,Debit,-176.95,,REF100030,Spotify,Entertainment,Expense,9741.42,,Spotify transaction
100031,2026-02-01,2026-02-01,Debit,-154.24,,REF100031,Walmart,Groceries,Expense,9587.18,,Walmart transaction
100032,2026-02-02,2026-02-02,Debit,-135.86,,REF100032,Smith's,Groceries,Expense,9451.32,,Smith's transaction
100033,2026-02-03,2026-02-03,Debit,-45.03,,REF100033,Chevron,Gas,Expense,9406.29,,Chevron transaction
100034,2026-02-04,2026-02-04,Debit,-71.14,,REF100034,Amazon,Shopping,Expense,9335.15,,Amazon transaction
100035,2026-02-05,2026-02-05,Credit,1485.5,,REF100035,Payroll,Income,Income,10820.65,,Payroll transaction
100036,2026-02-06,2026-02-06,Debit,-211.5,,REF100036,Netflix,Entertainment,Expense,10609.15,,Netflix transaction
100037,2026-02-07,2026-02-07,Debit,-61.12,,REF100037,Starbucks,Coffee,Expense,10548.03,,Starbucks transaction
100038,2026-02-08,2026-02-08,Debit,-202.24,,REF100038,Starbucks,Coffee,Expense,10345.79,,Starbucks transaction
100039,2026-02-09,2026-02-09,Debit,-70.6,,REF100039,Amazon,Shopping,Expense,10275.19,,Amazon transaction
100040,2026-02-10,2026-02-10,Debit,-228.72,,REF100040,Chevron,Gas,Expense,10046.47,,Chevron transaction
100041,2026-02-11,2026-02-11,Debit,-219.71,,REF100041,Rent Payment,Housing,Expense,9826.76,,Rent Payment transaction
100042,2026-02-12,2026-02-12,Debit,-57.09,,REF100042,Netflix,Entertainment,Expense,9769.67,,Netflix transaction
100043,2026-02-13,2026-02-13,Debit,-101.93,,REF100043,Target,Shopping,Expense,9667.74,,Target transaction
100044,2026-02-14,2026-02-14,Debit,-40.0,,REF100044,Target,Shopping,Expense,9627.74,,Target transaction
100045,2026-02-15,2026-02-15,Debit,-65.42,,REF100045,Smith's,Groceries,Expense,9562.32,,Smith's transaction
100046,2026-02-16,2026-02-16,Credit,1900.67,,REF100046,Payroll,Income,Income,11462.99,,Payroll transaction
100047,2026-02-17,2026-02-17,Debit,-109.97,,REF100047,Rent Payment,Housing,Expense,11353.02,,Rent Payment transaction
100048,2026-02-18,2026-02-18,Debit,-102.85,,REF100048,Rent Payment,Housing,Expense,11250.17,,Rent Payment transaction
100049,2026-02-19,2026-02-19,Debit,-249.34,,REF100049,Chevron,Gas,Expense,11000.83,,Chevron transaction
100050,2026-02-20,2026-02-20,Debit,-129.83,,REF100050,Smith's,Groceries,Expense,10871.0,,Smith's transaction
100051,2026-02-21,2026-02-21,Debit,-190.17,,REF100051,Walmart,Groceries,Expense,10680.83,,Walmart transaction
100052,2026-02-22,2026-02-22,Debit,-42.45,,REF100052,Walmart,Groceries,Expense,10638.38,,Walmart transaction
100053,2026-02-23,2026-02-23,Debit,-199.06,,REF100053,Smith's,Groceries,Expense,10439.32,,Smith's transaction
100054,2026-02-24,2026-02-24,Debit,-151.12,,REF100054,Amazon,Shopping,Expense,10288.2,,Amazon transaction
100055,2026-02-25,2026-02-25,Debit,-98.5,,REF100055,Amazon,Shopping,Expense,10189.7,,Amazon transaction
100056,2026-02-26,2026-02-26,Debit,-134.63,,REF100056,Target,Shopping,Expense,10055.07,,Target transaction
100057,2026-02-27,2026-02-27,Credit,2319.01,,REF100057,Payroll,Income,Income,12374.08,,Payroll transaction
100058,2026-02-28,2026-02-28,Debit,-171.67,,REF100058,Starbucks,Coffee,Expense,12202.41,,Starbucks transaction
100059,2026-03-01,2026-03-01,Debit,-172.02,,REF100059,Walmart,Groceries,Expense,12030.39,,Walmart transaction
100060,2026-03-02,2026-03-02,Credit,2176.14,,REF100060,Payroll,Income,Income,14206.53,,Payroll transaction
100061,2026-03-03,2026-03-03,Debit,-32.33,,REF100061,Netflix,Entertainment,Expense,14174.2,,Netflix transaction
100062,2026-03-04,2026-03-04,Debit,-43.75,,REF100062,Amazon,Shopping,Expense,14130.45,,Amazon transaction
100063,2026-03-05,2026-03-05,Debit,-238.68,,REF100063,Starbucks,Coffee,Expense,13891.77,,Starbucks transaction
100064,2026-03-06,2026-03-06,Debit,-243.11,,REF100064,Spotify,Entertainment,Expense,13648.66,,Spotify transaction
100065,2026-03-07,2026-03-07,Debit,-129.38,,REF100065,Smith's,Groceries,Expense,13519.28,,Smith's transaction
100066,2026-03-08,2026-03-08,Debit,-218.28,,REF100066,Walmart,Groceries,Expense,13301.0,,Walmart transaction
100067,2026-03-09,2026-03-09,Debit,-211.21,,REF100067,Spotify,Entertainment,Expense,13089.79,,Spotify transaction
100068,2026-03-10,2026-03-10,Credit,1991.66,,REF100068,Payroll,Income,Income,15081.45,,Payroll transaction
100069,2026-03-11,2026-03-11,Debit,-96.61,,REF100069,Smith's,Groceries,Expense,14984.84,,Smith's transaction
100070,2026-03-12,2026-03-12,Debit,-137.15,,REF100070,Smith's,Groceries,Expense,14847.69,,Smith's transaction
100071,2026-03-13,2026-03-13,Credit,2394.04,,REF100071,Payroll,Income,Income,17241.73,,Payroll transaction
100072,2026-03-14,2026-03-14,Debit,-84.42,,REF100072,Rent Payment,Housing,Expense,17157.31,,Rent Payment transaction
100073,2026-03-15,2026-03-15,Debit,-32.41,,REF100073,Starbucks,Coffee,Expense,17124.9,,Starbucks transaction
100074,2026-03-16,2026-03-16,Debit,-220.29,,REF100074,Netflix,Entertainment,Expense,16904.61,,Netflix transaction
100075,2026-03-17,2026-03-17,Debit,-63.67,,REF100075,Spotify,Entertainment,Expense,16840.94,,Spotify transaction
100076,2026-03-18,2026-03-18,Debit,-220.11,,REF100076,Chevron,Gas,Expense,16620.83,,Chevron transaction
100077,2026-03-19,2026-03-19,Debit,-25.99,,REF100077,Walmart,Groceries,Expense,16594.84,,Walmart transaction
100078,2026-03-20,2026-03-20,Debit,-204.93,,REF100078,Target,Shopping,Expense,16389.91,,Target transaction
100079,2026-03-21,2026-03-21,Credit,2195.58,,REF100079,Payroll,Income,Income,18585.49,,Payroll transaction
100080,2026-03-22,2026-03-22,Debit,-166.64,,REF100080,Smith's,Groceries,Expense,18418.85,,Smith's transaction
100081,2026-03-23,2026-03-23,Credit,1414.67,,REF100081,Payroll,Income,Income,19833.52,,Payroll transaction
100082,2026-03-24,2026-03-24,Credit,2334.16,,REF100082,Payroll,Income,Income,22167.68,,Payroll transaction
100083,2026-03-25,2026-03-25,Debit,-241.27,,REF100083,Amazon,Shopping,Expense,21926.41,,Amazon transaction
100084,2026-03-26,2026-03-26,Credit,2181.84,,REF100084,Payroll,Income,Income,24108.25,,Payroll transaction
100085,2026-03-27,2026-03-27,Debit,-179.67,,REF100085,Chevron,Gas,Expense,23928.58,,Chevron transaction
100086,2026-03-28,2026-03-28,Debit,-248.81,,REF100086,Amazon,Shopping,Expense,23679.77,,Amazon transaction
100087,2026-03-29,2026-03-29,Debit,-112.33,,REF100087,Netflix,Entertainment,Expense,23567.44,,Netflix transaction
100088,2026-03-30,2026-03-30,Credit,1786.93,,REF100088,Payroll,Income,Income,25354.37,,Payroll transaction
100089,2026-03-31,2026-03-31,Debit,-60.05,,REF100089,Chevron,Gas,Expense,25294.32,,Chevron transaction
100090,2026-04-01,2026-04-01,Debit,-10.15,,REF100090,Netflix,Entertainment,Expense,25284.17,,Netflix transaction
100091,2026-04-02,2026-04-02,Credit,1499.15,,REF100091,Payroll,Income,Income,26783.32,,Payroll transaction
100092,2026-04-03,2026-04-03,Debit,-6.76,,REF100092,Chevron,Gas,Expense,26776.56,,Chevron transaction
100093,2026-04-04,2026-04-04,Debit,-61.09,,REF100093,Starbucks,Coffee,Expense,26715.47,,Starbucks transaction
100094,2026-04-05,2026-04-05,Debit,-215.61,,REF100094,Starbucks,Coffee,Expense,26499.86,,Starbucks transaction
100095,2026-04-06,2026-04-06,Debit,-130.97,,REF100095,Walmart,Groceries,Expense,26368.89,,Walmart transaction
100096,2026-04-07,2026-04-07,Debit,-168.9,,REF100096,Spotify,Entertainment,Expense,26199.99,,Spotify transaction
100097,2026-04-08,2026-04-08,Debit,-137.11,,REF100097,Chevron,Gas,Expense,26062.88,,Chevron transaction
100098,2026-04-09,2026-04-09,Debit,-146.17,,REF100098,Rent Payment,Housing,Expense,25916.71,,Rent Payment transaction
100099,2026-04-10,2026-04-10,Debit,-197.23,,REF100099,Chevron,Gas,Expense,25719.48,,Chevron transaction
100100,2026-04-11,2026-04-11,Debit,-51.65,,REF100100,Amazon,Shopping,Expense,25667.83,,Amazon transaction
100101,2026-04-12,2026-04-12,Debit,-166.45,,REF100101,Walmart,Groceries,Expense,25501.38,,Walmart transaction
100102,2026-04-13,2026-04-13,Debit,-108.78,,REF100102,Netflix,Entertainment,Expense,25392.6,,Netflix transaction
100103,2026-04-14,2026-04-14,Debit,-216.64,,REF100103,Target,Shopping,Expense,25175.96,,Target transaction
100104,2026-04-15,2026-04-15,Debit,-169.97,,REF100104,Starbucks,Coffee,Expense,25005.99,,Starbucks transaction
100105,2026-04-16,2026-04-16,Debit,-19.85,,REF100105,Walmart,Groceries,Expense,24986.14,,Walmart transaction
100106,2026-04-17,2026-04-17,Debit,-201.15,,REF100106,Netflix,Entertainment,Expense,24784.99,,Netflix transaction
100107,2026-04-18,2026-04-18,Debit,-65.92,,REF100107,Walmart,Groceries,Expense,24719.07,,Walmart transaction
100108,2026-04-19,2026-04-19,Debit,-136.39,,REF100108,Chevron,Gas,Expense,24582.68,,Chevron transaction
100109,2026-04-20,2026-04-20,Debit,-108.36,,REF100109,Smith's,Groceries,Expense,24474.32,,Smith's transaction
100110,2026-04-21,2026-04-21,Debit,-118.34,,REF100110,Spotify,Entertainment,Expense,24355.98,,Spotify transaction
100111,2026-04-22,2026-04-22,Debit,-113.57,,REF100111,Walmart,Groceries,Expense,24242.41,,Walmart transaction
100112,2026-04-23,2026-04-23,Credit,1327.28,,REF100112,Payroll,Income,Income,25569.69,,Payroll transaction
100113,2026-04-24,2026-04-24,Credit,2286.84,,REF100113,Payroll,Income,Income,27856.53,,Payroll transaction
100114,2026-04-25,2026-04-25,Debit,-231.96,,REF100114,Walmart,Groceries,Expense,27624.57,,Walmart transaction
100115,2026-04-26,2026-04-26,Debit,-45.75,,REF100115,Chevron,Gas,Expense,27578.82,,Chevron transaction
100116,2026-04-27,2026-04-27,Debit,-122.93,,REF100116,Target,Shopping,Expense,27455.89,,Target transaction
100117,2026-04-28,2026-04-28,Debit,-226.1,,REF100117,Amazon,Shopping,Expense,27229.79,,Amazon transaction
100118,2026-04-29,2026-04-29,Debit,-97.85,,REF100118,Smith's,Groceries,Expense,27131.94,,Smith's transaction
100119,2026-04-30,2026-04-30,Debit,-69.97,,REF100119,Amazon,Shopping,Expense,27061.97,,Amazon transaction
100120,2026-05-01,2026-05-01,Debit,-74.89,,REF100120,Target,Shopping,Expense,26987.08,,Target transaction
100121,2026-05-02,2026-05-02,Credit,2060.43,,REF100121,Payroll,Income,Income,29047.51,,Payroll transaction
100122,2026-05-03,2026-05-03,Debit,-42.93,,REF100122,Target,Shopping,Expense,29004.58,,Target transaction
100123,2026-05-04,2026-05-04,Debit,-58.34,,REF100123,Spotify,Entertainment,Expense,28946.24,,Spotify transaction
100124,2026-05-05,2026-05-05,Debit,-146.9,,REF100124,Starbucks,Coffee,Expense,28799.34,,Starbucks transaction
100125,2026-05-06,2026-05-06,Credit,1279.24,,REF100125,Payroll,Income,Income,30078.58,,Payroll transaction
100126,2026-05-07,2026-05-07,Debit,-19.01,,REF100126,Netflix,Entertainment,Expense,30059.57,,Netflix transaction
100127,2026-05-08,2026-05-08,Debit,-121.81,,REF100127,Rent Payment,Housing,Expense,29937.76,,Rent Payment transaction
100128,2026-05-09,2026-05-09,Credit,1404.66,,REF100128,Payroll,Income,Income,31342.42,,Payroll transaction
100129,2026-05-10,2026-05-10,Credit,1304.14,,REF100129,Payroll,Income,Income,32646.56,,Payroll transaction
100130,2026-05-11,2026-05-11,Debit,-21.79,,REF100130,Smith's,Groceries,Expense,32624.77,,Smith's transaction
100131,2026-05-12,2026-05-12,Debit,-170.43,,REF100131,Walmart,Groceries,Expense,32454.34,,Walmart transaction
100132,2026-05-13,2026-05-13,Debit,-103.93,,REF100132,Chevron,Gas,Expense,32350.41,,Chevron transaction
100133,2026-05-14,2026-05-14,Debit,-65.32,,REF100133,Rent Payment,Housing,Expense,32285.09,,Rent Payment transaction
100134,2026-05-15,2026-05-15,Debit,-14.74,,REF100134,Rent Payment,Housing,Expense,32270.35,,Rent Payment transaction
100135,2026-05-16,2026-05-16,Debit,-107.71,,REF100135,Walmart,Groceries,Expense,32162.64,,Walmart transaction
100136,2026-05-17,2026-05-17,Debit,-143.48,,REF100136,Rent Payment,Housing,Expense,32019.16,,Rent Payment transaction
100137,2026-05-18,2026-05-18,Debit,-234.0,,REF100137,Netflix,Entertainment,Expense,31785.16,,Netflix transaction
100138,2026-05-19,2026-05-19,Debit,-169.08,,REF100138,Chevron,Gas,Expense,31616.08,,Chevron transaction
100139,2026-05-20,2026-05-20,Debit,-63.48,,REF100139,Netflix,Entertainment,Expense,31552.6,,Netflix transaction
100140,2026-05-21,2026-05-21,Debit,-37.07,,REF100140,Amazon,Shopping,Expense,31515.53,,Amazon transaction
100141,2026-05-22,2026-05-22,Debit,-117.02,,REF100141,Spotify,Entertainment,Expense,31398.51,,Spotify transaction
100142,2026-05-23,2026-05-23,Debit,-7.28,,REF100142,Walmart,Groceries,Expense,31391.23,,Walmart transaction
100143,2026-05-24,2026-05-24,Debit,-249.62,,REF100143,Rent Payment,Housing,Expense,31141.61,,Rent Payment transaction
100144,2026-05-25,2026-05-25,Debit,-22.95,,REF100144,Walmart,Groceries,Expense,31118.66,,Walmart transaction
100145,2026-05-26,2026-05-26,Debit,-128.94,,REF100145,Chevron,Gas,Expense,30989.72,,Chevron transaction
100146,2026-05-27,2026-05-27,Debit,-233.65,,REF100146,Smith's,Groceries,Expense,30756.07,,Smith's transaction
100147,2026-05-28,2026-05-28,Debit,-220.42,,REF100147,Walmart,Groceries,Expense,30535.65,,Walmart transaction
100148,2026-05-29,2026-05-29,Debit,-74.82,,REF100148,Netflix,Entertainment,Expense,30460.83,,Netflix transaction
100149,2026-05-30,2026-05-30,Debit,-209.27,,REF100149,Target,Shopping,Expense,30251.56,,Target transaction
100150,2026-05-31,2026-05-31,Debit,-154.86,,REF100150,Spotify,Entertainment,Expense,30096.7,,Spotify transaction
100151,2026-06-01,2026-06-01,Credit,1210.17,,REF100151,Payroll,Income,Income,31306.87,,Payroll transaction
100152,2026-06-02,2026-06-02,Credit,1589.19,,REF100152,Payroll,Income,Income,32896.06,,Payroll transaction
100153,2026-06-03,2026-06-03,Debit,-235.04,,REF100153,Walmart,Groceries,Expense,32661.02,,Walmart transaction
100154,2026-06-04,2026-06-04,Debit,-69.79,,REF100154,Smith's,Groceries,Expense,32591.23,,Smith's transaction
100155,2026-06-05,2026-06-05,Debit,-186.89,,REF100155,Walmart,Groceries,Expense,32404.34,,Walmart transaction
100156,2026-06-06,2026-06-06,Debit,-71.73,,REF100156,Smith's,Groceries,Expense,32332.61,,Smith's transaction
100157,2026-06-07,2026-06-07,Debit,-56.6,,REF100157,Rent Payment,Housing,Expense,32276.01,,Rent Payment transaction
100158,2026-06-08,2026-06-08,Debit,-54.88,,REF100158,Netflix,Entertainment,Expense,32221.13,,Netflix transaction
100159,2026-06-09,2026-06-09,Debit,-128.83,,REF100159,Spotify,Entertainment,Expense,32092.3,,Spotify transaction
100160,2026-06-10,2026-06-10,Debit,-226.81,,REF100160,Spotify,Entertainment,Expense,31865.49,,Spotify transaction
100161,2026-06-11,2026-06-11,Debit,-27.61,,REF100161,Starbucks,Coffee,Expense,31837.88,,Starbucks transaction
100162,2026-06-12,2026-06-12,Debit,-208.19,,REF100162,Amazon,Shopping,Expense,31629.69,,Amazon transaction
100163,2026-06-13,2026-06-13,Debit,-5.87,,REF100163,Starbucks,Coffee,Expense,31623.82,,Starbucks transaction
100164,2026-06-14,2026-06-14,Debit,-161.09,,REF100164,Smith's,Groceries,Expense,31462.73,,Smith's transaction
100165,2026-06-15,2026-06-15,Debit,-44.59,,REF100165,Spotify,Entertainment,Expense,31418.14,,Spotify transaction
100166,2026-06-16,2026-06-16,Debit,-140.16,,REF100166,Target,Shopping,Expense,31277.98,,Target transaction
100167,2026-06-17,2026-06-17,Debit,-142.42,,REF100167,Amazon,Shopping,Expense,31135.56,,Amazon transaction
100168,2026-06-18,2026-06-18,Debit,-23.43,,REF100168,Walmart,Groceries,Expense,31112.13,,Walmart transaction
100169,2026-06-19,2026-06-19,Debit,-138.67,,REF100169,Smith's,Groceries,Expense,30973.46,,Smith's transaction
100170,2026-06-20,2026-06-20,Debit,-147.71,,REF100170,Netflix,Entertainment,Expense,30825.75,,Netflix transaction
100171,2026-06-21,2026-06-21,Debit,-110.3,,REF100171,Smith's,Groceries,Expense,30715.45,,Smith's transaction
100172,2026-06-22,2026-06-22,Debit,-80.52,,REF100172,Starbucks,Coffee,Expense,30634.93,,Starbucks transaction
100173,2026-06-23,2026-06-23,Debit,-225.24,,REF100173,Starbucks,Coffee,Expense,30409.69,,Starbucks transaction
100174,2026-06-24,2026-06-24,Debit,-172.11,,REF100174,Chevron,Gas,Expense,30237.58,,Chevron transaction
100175,2026-06-25,2026-06-25,Debit,-91.65,,REF100175,Walmart,Groceries,Expense,30145.93,,Walmart transaction
100176,2026-06-26,2026-06-26,Credit,2349.38,,REF100176,Payroll,Income,Income,32495.31,,Payroll transaction
100177,2026-06-27,2026-06-27,Debit,-243.59,,REF100177,Amazon,Shopping,Expense,32251.72,,Amazon transaction
100178,2026-06-28,2026-06-28,Debit,-231.81,,REF100178,Smith's,Groceries,Expense,32019.91,,Smith's transaction
100179,2026-06-29,2026-06-29,Debit,-216.83,,REF100179,Chevron,Gas,Expense,31803.08,,Chevron transaction
100180,2026-01-01,2026-01-01,Debit,-220.95,,REF100180,Smith's,Groceries,Expense,31582.13,,Smith's transaction
100181,2026-01-02,2026-01-02,Debit,-48.94,,REF100181,Starbucks,Coffee,Expense,31533.19,,Starbucks transaction
100182,2026-01-03,2026-01-03,Debit,-196.68,,REF100182,Netflix,Entertainment,Expense,31336.51,,Netflix transaction
100183,2026-01-04,2026-01-04,Debit,-201.55,,REF100183,Amazon,Shopping,Expense,31134.96,,Amazon transaction
100184,2026-01-05,2026-01-05,Debit,-70.37,,REF100184,Chevron,Gas,Expense,31064.59,,Chevron transaction
100185,2026-01-06,2026-01-06,Debit,-98.72,,REF100185,Walmart,Groceries,Expense,30965.87,,Walmart transaction
100186,2026-01-07,2026-01-07,Debit,-215.36,,REF100186,Starbucks,Coffee,Expense,30750.51,,Starbucks transaction
100187,2026-01-08,2026-01-08,Debit,-53.9,,REF100187,Chevron,Gas,Expense,30696.61,,Chevron transaction
100188,2026-01-09,2026-01-09,Debit,-90.67,,REF100188,Target,Shopping,Expense,30605.94,,Target transaction
100189,2026-01-10,2026-01-10,Debit,-59.62,,REF100189,Chevron,Gas,Expense,30546.32,,Chevron transaction
100190,2026-01-11,2026-01-11,Debit,-102.62,,REF100190,Chevron,Gas,Expense,30443.7,,Chevron transaction
100191,2026-01-12,2026-01-12,Debit,-216.77,,REF100191,Spotify,Entertainment,Expense,30226.93,,Spotify transaction
100192,2026-01-13,2026-01-13,Debit,-91.03,,REF100192,Spotify,Entertainment,Expense,30135.9,,Spotify transaction
100193,2026-01-14,2026-01-14,Credit,1719.58,,REF100193,Payroll,Income,Income,31855.48,,Payroll transaction
100194,2026-01-15,2026-01-15,Credit,1630.49,,REF100194,Payroll,Income,Income,33485.97,,Payroll transaction
100195,2026-01-16,2026-01-16,Debit,-33.26,,REF100195,Starbucks,Coffee,Expense,33452.71,,Starbucks transaction
100196,2026-01-17,2026-01-17,Debit,-48.75,,REF100196,Spotify,Entertainment,Expense,33403.96,,Spotify transaction
100197,2026-01-18,2026-01-18,Debit,-14.37,,REF100197,Spotify,Entertainment,Expense,33389.59,,Spotify transaction
100198,2026-01-19,2026-01-19,Debit,-111.47,,REF100198,Rent Payment,Housing,Expense,33278.12,,Rent Payment transaction
100199,2026-01-20,2026-01-20,Debit,-111.92,,REF100199,Netflix,Entertainment,Expense,33166.2,,Netflix transaction
100200,2026-01-21,2026-01-21,Credit,1350.34,,REF100200,Payroll,Income,Income,34516.54,,Payroll transaction
100201,2026-01-22,2026-01-22,Debit,-51.57,,REF100201,Rent Payment,Housing,Expense,34464.97,,Rent Payment transaction
100202,2026-01-23,2026-01-23,Debit,-178.65,,REF100202,Starbucks,Coffee,Expense,34286.32,,Starbucks transaction
100203,2026-01-24,2026-01-24,Debit,-132.38,,REF100203,Starbucks,Coffee,Expense,34153.94,,Starbucks transaction
100204,2026-01-25,2026-01-25,Credit,2092.91,,REF100204,Payroll,Income,Income,36246.85,,Payroll transaction
100205,2026-01-26,2026-01-26,Debit,-94.23,,REF100205,Chevron,Gas,Expense,36152.62,,Chevron transaction
100206,2026-01-27,2026-01-27,Debit,-237.47,,REF100206,Walmart,Groceries,Expense,35915.15,,Walmart transaction
100207,2026-01-28,2026-01-28,Debit,-157.67,,REF100207,Netflix,Entertainment,Expense,35757.48,,Netflix transaction
100208,2026-01-29,2026-01-29,Debit,-181.34,,REF100208,Walmart,Groceries,Expense,35576.14,,Walmart transaction
100209,2026-01-30,2026-01-30,Debit,-129.25,,REF100209,Spotify,Entertainment,Expense,35446.89,,Spotify transaction
100210,2026-01-31,2026-01-31,Debit,-84.91,,REF100210,Amazon,Shopping,Expense,35361.98,,Amazon transaction
100211,2026-02-01,2026-02-01,Debit,-140.83,,REF100211,Spotify,Entertainment,Expense,35221.15,,Spotify transaction
100212,2026-02-02,2026-02-02,Debit,-108.01,,REF100212,Chevron,Gas,Expense,35113.14,,Chevron transaction
100213,2026-02-03,2026-02-03,Debit,-170.94,,REF100213,Amazon,Shopping,Expense,34942.2,,Amazon transaction
100214,2026-02-04,2026-02-04,Debit,-155.8,,REF100214,Smith's,Groceries,Expense,34786.4,,Smith's transaction
100215,2026-02-05,2026-02-05,Debit,-104.49,,REF100215,Spotify,Entertainment,Expense,34681.91,,Spotify transaction
100216,2026-02-06,2026-02-06,Debit,-79.45,,REF100216,Starbucks,Coffee,Expense,34602.46,,Starbucks transaction
100217,2026-02-07,2026-02-07,Debit,-110.32,,REF100217,Chevron,Gas,Expense,34492.14,,Chevron transaction
100218,2026-02-08,2026-02-08,Debit,-153.63,,REF100218,Rent Payment,Housing,Expense,34338.51,,Rent Payment transaction
100219,2026-02-09,2026-02-09,Debit,-118.92,,REF100219,Netflix,Entertainment,Expense,34219.59,,Netflix transaction
100220,2026-02-10,2026-02-10,Debit,-170.53,,REF100220,Target,Shopping,Expense,34049.06,,Target transaction
100221,2026-02-11,2026-02-11,Credit,1815.14,,REF100221,Payroll,Income,Income,35864.2,,Payroll transaction
100222,2026-02-12,2026-02-12,Debit,-166.42,,REF100222,Smith's,Groceries,Expense,35697.78,,Smith's transaction
100223,2026-02-13,2026-02-13,Debit,-131.29,,REF100223,Spotify,Entertainment,Expense,35566.49,,Spotify transaction
100224,2026-02-14,2026-02-14,Debit,-87.12,,REF100224,Rent Payment,Housing,Expense,35479.37,,Rent Payment transaction
100225,2026-02-15,2026-02-15,Debit,-169.83,,REF100225,Chevron,Gas,Expense,35309.54,,Chevron transaction
100226,2026-02-16,2026-02-16,Debit,-202.61,,REF100226,Chevron,Gas,Expense,35106.93,,Chevron transaction
100227,2026-02-17,2026-02-17,Debit,-10.98,,REF100227,Smith's,Groceries,Expense,35095.95,,Smith's transaction
100228,2026-02-18,2026-02-18,Debit,-246.06,,REF100228,Chevron,Gas,Expense,34849.89,,Chevron transaction
100229,2026-02-19,2026-02-19,Debit,-213.19,,REF100229,Rent Payment,Housing,Expense,34636.7,,Rent Payment transaction
100230,2026-02-20,2026-02-20,Debit,-116.58,,REF100230,Walmart,Groceries,Expense,34520.12,,Walmart transaction
100231,2026-02-21,2026-02-21,Debit,-52.64,,REF100231,Rent Payment,Housing,Expense,34467.48,,Rent Payment transaction
100232,2026-02-22,2026-02-22,Debit,-126.12,,REF100232,Amazon,Shopping,Expense,34341.36,,Amazon transaction
100233,2026-02-23,2026-02-23,Debit,-41.15,,REF100233,Chevron,Gas,Expense,34300.21,,Chevron transaction
100234,2026-02-24,2026-02-24,Debit,-223.7,,REF100234,Starbucks,Coffee,Expense,34076.51,,Starbucks transaction
100235,2026-02-25,2026-02-25,Debit,-195.71,,REF100235,Walmart,Groceries,Expense,33880.8,,Walmart transaction
100236,2026-02-26,2026-02-26,Debit,-48.09,,REF100236,Chevron,Gas,Expense,33832.71,,Chevron transaction
100237,2026-02-27,2026-02-27,Credit,1803.91,,REF100237,Payroll,Income,Income,35636.62,,Payroll transaction
100238,2026-02-28,2026-02-28,Credit,1523.96,,REF100238,Payroll,Income,Income,37160.58,,Payroll transaction
100239,2026-03-01,2026-03-01,Debit,-116.83,,REF100239,Walmart,Groceries,Expense,37043.75,,Walmart transaction
100240,2026-03-02,2026-03-02,Debit,-168.56,,REF100240,Target,Shopping,Expense,36875.19,,Target transaction
100241,2026-03-03,2026-03-03,Credit,1974.09,,REF100241,Payroll,Income,Income,38849.28,,Payroll transaction
100242,2026-03-04,2026-03-04,Debit,-155.1,,REF100242,Target,Shopping,Expense,38694.18,,Target transaction
100243,2026-03-05,2026-03-05,Credit,1754.76,,REF100243,Payroll,Income,Income,40448.94,,Payroll transaction
100244,2026-03-06,2026-03-06,Credit,1779.69,,REF100244,Payroll,Income,Income,42228.63,,Payroll transaction
100245,2026-03-07,2026-03-07,Debit,-187.2,,REF100245,Smith's,Groceries,Expense,42041.43,,Smith's transaction
100246,2026-03-08,2026-03-08,Debit,-115.27,,REF100246,Target,Shopping,Expense,41926.16,,Target transaction
100247,2026-03-09,2026-03-09,Debit,-210.77,,REF100247,Chevron,Gas,Expense,41715.39,,Chevron transaction
100248,2026-03-10,2026-03-10,Debit,-192.62,,REF100248,Spotify,Entertainment,Expense,41522.77,,Spotify transaction
100249,2026-03-11,2026-03-11,Credit,1829.98,,REF100249,Payroll,Income,Income,43352.75,,Payroll transaction
100250,2026-03-12,2026-03-12,Debit,-72.28,,REF100250,Chevron,Gas,Expense,43280.47,,Chevron transaction
100251,2026-03-13,2026-03-13,Debit,-179.82,,REF100251,Walmart,Groceries,Expense,43100.65,,Walmart transaction
100252,2026-03-14,2026-03-14,Debit,-71.57,,REF100252,Chevron,Gas,Expense,43029.08,,Chevron transaction
100253,2026-03-15,2026-03-15,Debit,-223.79,,REF100253,Netflix,Entertainment,Expense,42805.29,,Netflix transaction
100254,2026-03-16,2026-03-16,Debit,-38.9,,REF100254,Walmart,Groceries,Expense,42766.39,,Walmart transaction
100255,2026-03-17,2026-03-17,Debit,-98.84,,REF100255,Chevron,Gas,Expense,42667.55,,Chevron transaction
100256,2026-03-18,2026-03-18,Debit,-178.07,,REF100256,Smith's,Groceries,Expense,42489.48,,Smith's transaction
100257,2026-03-19,2026-03-19,Debit,-106.64,,REF100257,Walmart,Groceries,Expense,42382.84,,Walmart transaction
100258,2026-03-20,2026-03-20,Debit,-137.94,,REF100258,Netflix,Entertainment,Expense,42244.9,,Netflix transaction
100259,2026-03-21,2026-03-21,Debit,-20.26,,REF100259,Amazon,Shopping,Expense,42224.64,,Amazon transaction
100260,2026-03-22,2026-03-22,Debit,-100.42,,REF100260,Amazon,Shopping,Expense,42124.22,,Amazon transaction
100261,2026-03-23,2026-03-23,Debit,-236.79,,REF100261,Rent Payment,Housing,Expense,41887.43,,Rent Payment transaction
100262,2026-03-24,2026-03-24,Debit,-214.9,,REF100262,Starbucks,Coffee,Expense,41672.53,,Starbucks transaction
100263,2026-03-25,2026-03-25,Debit,-98.19,,REF100263,Rent Payment,Housing,Expense,41574.34,,Rent Payment transaction
100264,2026-03-26,2026-03-26,Debit,-235.97,,REF100264,Starbucks,Coffee,Expense,41338.37,,Starbucks transaction
100265,2026-03-27,2026-03-27,Debit,-189.6,,REF100265,Spotify,Entertainment,Expense,41148.77,,Spotify transaction
100266,2026-03-28,2026-03-28,Debit,-136.86,,REF100266,Amazon,Shopping,Expense,41011.91,,Amazon transaction
100267,2026-03-29,2026-03-29,Credit,2239.83,,REF100267,Payroll,Income,Income,43251.74,,Payroll transaction
100268,2026-03-30,2026-03-30,Debit,-124.62,,REF100268,Chevron,Gas,Expense,43127.12,,Chevron transaction
100269,2026-03-31,2026-03-31,Debit,-111.78,,REF100269,Spotify,Entertainment,Expense,43015.34,,Spotify transaction
100270,2026-04-01,2026-04-01,Debit,-100.27,,REF100270,Starbucks,Coffee,Expense,42915.07,,Starbucks transaction
100271,2026-04-02,2026-04-02,Debit,-182.42,,REF100271,Amazon,Shopping,Expense,42732.65,,Amazon transaction
100272,2026-04-03,2026-04-03,Debit,-230.29,,REF100272,Target,Shopping,Expense,42502.36,,Target transaction
100273,2026-04-04,2026-04-04,Debit,-135.86,,REF100273,Rent Payment,Housing,Expense,42366.5,,Rent Payment transaction
100274,2026-04-05,2026-04-05,Debit,-150.01,,REF100274,Amazon,Shopping,Expense,42216.49,,Amazon transaction
100275,2026-04-06,2026-04-06,Debit,-25.57,,REF100275,Starbucks,Coffee,Expense,42190.92,,Starbucks transaction
100276,2026-04-07,2026-04-07,Debit,-38.25,,REF100276,Amazon,Shopping,Expense,42152.67,,Amazon transaction
100277,2026-04-08,2026-04-08,Debit,-49.52,,REF100277,Target,Shopping,Expense,42103.15,,Target transaction
100278,2026-04-09,2026-04-09,Debit,-97.88,,REF100278,Spotify,Entertainment,Expense,42005.27,,Spotify transaction
100279,2026-04-10,2026-04-10,Debit,-116.4,,REF100279,Chevron,Gas,Expense,41888.87,,Chevron transaction
100280,2026-04-11,2026-04-11,Debit,-191.5,,REF100280,Netflix,Entertainment,Expense,41697.37,,Netflix transaction
100281,2026-04-12,2026-04-12,Debit,-73.17,,REF100281,Amazon,Shopping,Expense,41624.2,,Amazon transaction
100282,2026-04-13,2026-04-13,Debit,-66.81,,REF100282,Amazon,Shopping,Expense,41557.39,,Amazon transaction
100283,2026-04-14,2026-04-14,Debit,-120.23,,REF100283,Walmart,Groceries,Expense,41437.16,,Walmart transaction
100284,2026-04-15,2026-04-15,Credit,1267.71,,REF100284,Payroll,Income,Income,42704.87,,Payroll transaction
100285,2026-04-16,2026-04-16,Debit,-59.93,,REF100285,Netflix,Entertainment,Expense,42644.94,,Netflix transaction
100286,2026-04-17,2026-04-17,Debit,-196.4,,REF100286,Walmart,Groceries,Expense,42448.54,,Walmart transaction
100287,2026-04-18,2026-04-18,Debit,-189.79,,REF100287,Starbucks,Coffee,Expense,42258.75,,Starbucks transaction
100288,2026-04-19,2026-04-19,Debit,-53.84,,REF100288,Chevron,Gas,Expense,42204.91,,Chevron transaction
100289,2026-04-20,2026-04-20,Debit,-157.23,,REF100289,Starbucks,Coffee,Expense,42047.68,,Starbucks transaction
100290,2026-04-21,2026-04-21,Debit,-35.92,,REF100290,Chevron,Gas,Expense,42011.76,,Chevron transaction
100291,2026-04-22,2026-04-22,Debit,-143.17,,REF100291,Walmart,Groceries,Expense,41868.59,,Walmart transaction
100292,2026-04-23,2026-04-23,Debit,-118.93,,REF100292,Chevron,Gas,Expense,41749.66,,Chevron transaction
100293,2026-04-24,2026-04-24,Debit,-192.89,,REF100293,Spotify,Entertainment,Expense,41556.77,,Spotify transaction
100294,2026-04-25,2026-04-25,Debit,-153.44,,REF100294,Smith's,Groceries,Expense,41403.33,,Smith's transaction
100295,2026-04-26,2026-04-26,Debit,-195.56,,REF100295,Walmart,Groceries,Expense,41207.77,,Walmart transaction
100296,2026-04-27,2026-04-27,Debit,-241.36,,REF100296,Smith's,Groceries,Expense,40966.41,,Smith's transaction
100297,2026-04-28,2026-04-28,Debit,-146.78,,REF100297,Walmart,Groceries,Expense,40819.63,,Walmart transaction
100298,2026-04-29,2026-04-29,Debit,-146.07,,REF100298,Spotify,Entertainment,Expense,40673.56,,Spotify transaction
100299,2026-04-30,2026-04-30,Debit,-102.18,,REF100299,Amazon,Shopping,Expense,40571.38,,Amazon transaction
